#CALL#,の鳴き声,$KEY$,ですね、鳥以外には対応していません。動物の鳴き声は「東京ズーネット」で検索してください。,https://www.suntory.co.jp/eco/birds/encyclopedia/result.html?offset=0&limit=10&search=,$KEY$
#CALL1#,のなき声,$KEY$,ですね、動物の鳴き声は「東京ズーネット」で検索します。,https://www.tokyo-zoo.net/cry/index.html,$NON$
#FORTUNE#,の占い,$NON$,占いを表示します。,https://fortune.yahoo.co.jp/12astro/index.html,$NON$
#FORTUNE1#,のうらない,$NON$,占いを表示します。,https://fortune.yahoo.co.jp/omikuji/index.html,$NON$
#FORTUNE2#,占い,$NON$,占いを表示します。,https://fortune.yahoo.co.jp/toyo/index.html,$NON$
#MAP#,の地図,$KEY$,の地図を表示します。,https://www.google.co.jp/maps/place/,$KEY$
#MAP#,のマップ,$KEY$,の地図を表示します。,https://www.google.co.jp/maps/place/,$KEY$
#NEWS#,ニュース,$NON$,$NON$,$NON$,$NON$
#PHOTO#,の写真,$KEY$,の画像を表示します。,https://www.bing.com/images/search?q=,$KEY$
#PHOTO1#,の画像,$KEY$,の画像を表示します。,https://www.google.com/search?q=画像%20,$KEY$
#RECEND#,$NON$,$NON$,音声入力を終了しました。,$NON$,$NON$
#RECIPE#,のレシピ,$KEY$,のレシピを表示します。,https://cookpad.com/search/,$KEY$
#RECIPE#,の調理法,$KEY$,のレシピを表示します。,https://cookpad.com/search/,$KEY$
#VIDEO#,の映像,$KEY$,のビデオを表示します。,https://www.bing.com/videos/search?q=,$KEY$
#VIDEO#,の動画,$KEY$,のビデオを表示します。,https://www.bing.com/videos/search?q=,$KEY$
#VIDEO1#,のビデオ,$KEY$,のビデオを表示します。,https://www.google.com/search?q=ビデオ%20,$KEY$
#WEATHER#,の天気,$KEY$,の天気予報を表示します。,https://tenki.jp,$KEY$
#WIKI#,について検索,$KEY$,の検索結果を表示します。,https://ja.wikipedia.org/wiki/,$KEY$
