場所名,URL,表示
日本,https://tenki.jp/,日本全国
全国,https://tenki.jp/,日本全国
北海道,https://tenki.jp/forecast/1/,北海道地方
北海道地方,https://tenki.jp/forecast/1/,北海道地方
稚内,https://tenki.jp/forecast/1/,北海道地方
旭川,https://tenki.jp/forecast/1/,北海道地方
留萌,https://tenki.jp/forecast/1/,北海道地方
網走,https://tenki.jp/forecast/1/,北海道地方
北見,https://tenki.jp/forecast/1/,北海道地方
紋別,https://tenki.jp/forecast/1/,北海道地方
根室,https://tenki.jp/forecast/1/,北海道地方
釧路,https://tenki.jp/forecast/1/,北海道地方
帯広,https://tenki.jp/forecast/1/,北海道地方
札幌,https://tenki.jp/forecast/1/,北海道地方
岩見沢,https://tenki.jp/forecast/1/,北海道地方
倶知安,https://tenki.jp/forecast/1/,北海道地方
室蘭,https://tenki.jp/forecast/1/,北海道地方
浦河,https://tenki.jp/forecast/1/,北海道地方
函館,https://tenki.jp/forecast/1/,北海道地方
江差,https://tenki.jp/forecast/1/,北海道地方
東北,https://tenki.jp/forecast/2/,東北地方
東北地方,https://tenki.jp/forecast/2/,東北地方
青森県,https://tenki.jp/forecast/2/,東北地方
青森,https://tenki.jp/forecast/2/,東北地方
むつ,https://tenki.jp/forecast/2/,東北地方
八戸,https://tenki.jp/forecast/2/,東北地方
岩手県,https://tenki.jp/forecast/2/,東北地方
岩手,https://tenki.jp/forecast/2/,東北地方
盛岡,https://tenki.jp/forecast/2/,東北地方
宮古,https://tenki.jp/forecast/2/,東北地方
大船渡,https://tenki.jp/forecast/2/,東北地方
宮城県,https://tenki.jp/forecast/2/,東北地方
仙台,https://tenki.jp/forecast/2/,東北地方
白石,https://tenki.jp/forecast/2/,東北地方
秋田県,https://tenki.jp/forecast/2/,東北地方
秋田,https://tenki.jp/forecast/2/,東北地方
横手,https://tenki.jp/forecast/2/,東北地方
山形県,https://tenki.jp/forecast/2/,東北地方
山形,https://tenki.jp/forecast/2/,東北地方
米沢,https://tenki.jp/forecast/2/,東北地方
酒田,https://tenki.jp/forecast/2/,東北地方
新庄,https://tenki.jp/forecast/2/,東北地方
福島県,https://tenki.jp/forecast/2/,東北地方
福島,https://tenki.jp/forecast/2/,東北地方
小名浜 ,https://tenki.jp/forecast/2/,東北地方
若松,https://tenki.jp/forecast/2/,東北地方
関東,https://tenki.jp/forecast/3/,関東地方
関東地方,https://tenki.jp/forecast/3/,関東地方
東京都,https://tenki.jp/forecast/3/,関東地方
東京,https://tenki.jp/forecast/3/,関東地方
大島,https://tenki.jp/forecast/3/,関東地方
八丈島,https://tenki.jp/forecast/3/,関東地方
父島,https://tenki.jp/forecast/3/,関東地方
神奈川県,https://tenki.jp/forecast/3/,関東地方
神奈川,https://tenki.jp/forecast/3/,関東地方
横浜,https://tenki.jp/forecast/3/,関東地方
小田原,https://tenki.jp/forecast/3/,関東地方
埼玉県,https://tenki.jp/forecast/3/,関東地方
埼玉,https://tenki.jp/forecast/3/,関東地方
さいたま,https://tenki.jp/forecast/3/,関東地方
熊谷,https://tenki.jp/forecast/3/,関東地方
秩父,https://tenki.jp/forecast/3/,関東地方
千葉県,https://tenki.jp/forecast/3/,関東地方
千葉,https://tenki.jp/forecast/3/,関東地方
銚子,https://tenki.jp/forecast/3/,関東地方
館山,https://tenki.jp/forecast/3/,関東地方
茨城県,https://tenki.jp/forecast/3/,関東地方
茨城,https://tenki.jp/forecast/3/,関東地方
水戸,https://tenki.jp/forecast/3/,関東地方
土浦,https://tenki.jp/forecast/3/,関東地方
栃木県,https://tenki.jp/forecast/3/,関東地方
栃木,https://tenki.jp/forecast/3/,関東地方
宇都宮,https://tenki.jp/forecast/3/,関東地方
大田原,https://tenki.jp/forecast/3/,関東地方
群馬県,https://tenki.jp/forecast/3/,関東地方
群馬,https://tenki.jp/forecast/3/,関東地方
前橋,https://tenki.jp/forecast/3/,関東地方
みなかみ,https://tenki.jp/forecast/3/,関東地方
山梨県,https://tenki.jp/forecast/3/,関東地方
山梨,https://tenki.jp/forecast/3/,関東地方
甲府,https://tenki.jp/forecast/3/,関東地方
河口湖,https://tenki.jp/forecast/3/,関東地方
北陸,https://tenki.jp/forecast/4/,北陸地方
北陸地方,https://tenki.jp/forecast/4/,北陸地方
新潟県,https://tenki.jp/forecast/4/,北陸地方
新潟,https://tenki.jp/forecast/4/,北陸地方
長岡,https://tenki.jp/forecast/4/,北陸地方
高田,https://tenki.jp/forecast/4/,北陸地方
相川,https://tenki.jp/forecast/4/,北陸地方
長野県,https://tenki.jp/forecast/4/,北陸地方
長野,https://tenki.jp/forecast/4/,北陸地方
松本,https://tenki.jp/forecast/4/,北陸地方
飯田,https://tenki.jp/forecast/4/,北陸地方
富山県,https://tenki.jp/forecast/4/,北陸地方
富山,https://tenki.jp/forecast/4/,北陸地方
伏木,https://tenki.jp/forecast/4/,北陸地方
石川県,https://tenki.jp/forecast/4/,北陸地方
石川,https://tenki.jp/forecast/4/,北陸地方
金沢,https://tenki.jp/forecast/4/,北陸地方
輪島,https://tenki.jp/forecast/4/,北陸地方
福井県,https://tenki.jp/forecast/4/,北陸地方
福井,https://tenki.jp/forecast/4/,北陸地方
敦賀,https://tenki.jp/forecast/4/,北陸地方
東海,https://tenki.jp/forecast/5/,東海地方
東海地方,https://tenki.jp/forecast/5/,東海地方
愛知県,https://tenki.jp/forecast/5/,東海地方
愛知,https://tenki.jp/forecast/5/,東海地方
名古屋,https://tenki.jp/forecast/5/,東海地方
豊橋,https://tenki.jp/forecast/5/,東海地方
岐阜県,https://tenki.jp/forecast/5/,東海地方
岐阜,https://tenki.jp/forecast/5/,東海地方
高山,https://tenki.jp/forecast/5/,東海地方
静岡県,https://tenki.jp/forecast/5/,東海地方
静岡,https://tenki.jp/forecast/5/,東海地方
網代,https://tenki.jp/forecast/5/,東海地方
三島,https://tenki.jp/forecast/5/,東海地方
浜松,https://tenki.jp/forecast/5/,東海地方
三重県,https://tenki.jp/forecast/5/,東海地方
三重,https://tenki.jp/forecast/5/,東海地方
津,https://tenki.jp/forecast/5/,東海地方
尾鷲,https://tenki.jp/forecast/5/,東海地方
関西,https://tenki.jp/forecast/6/,関西地方
関西地方,https://tenki.jp/forecast/6/,関西地方
大阪府,https://tenki.jp/forecast/6/,関西地方
大阪,https://tenki.jp/forecast/6/,関西地方
兵庫県,https://tenki.jp/forecast/6/,関西地方
兵庫,https://tenki.jp/forecast/6/,関西地方
神戸,https://tenki.jp/forecast/6/,関西地方
豊岡,https://tenki.jp/forecast/6/,関西地方
京都府,https://tenki.jp/forecast/6/,関西地方
舞鶴,https://tenki.jp/forecast/6/,関西地方
京都,https://tenki.jp/forecast/6/,関西地方
滋賀県,https://tenki.jp/forecast/6/,関西地方
滋賀,https://tenki.jp/forecast/6/,関西地方
大津,https://tenki.jp/forecast/6/,関西地方
彦根,https://tenki.jp/forecast/6/,関西地方
奈良県,https://tenki.jp/forecast/6/,関西地方
奈良,https://tenki.jp/forecast/6/,関西地方
風屋,https://tenki.jp/forecast/6/,関西地方
和歌山県,https://tenki.jp/forecast/6/,関西地方
和歌山,https://tenki.jp/forecast/6/,関西地方
潮岬,https://tenki.jp/forecast/6/,関西地方
中国地方,https://tenki.jp/forecast/7/,中国地方
鳥取県,https://tenki.jp/forecast/7/,中国地方
鳥取,https://tenki.jp/forecast/7/,中国地方
米子,https://tenki.jp/forecast/7/,中国地方
島根県,https://tenki.jp/forecast/7/,中国地方
島根,https://tenki.jp/forecast/7/,中国地方
松江,https://tenki.jp/forecast/7/,中国地方
浜田,https://tenki.jp/forecast/7/,中国地方
西郷,https://tenki.jp/forecast/7/,中国地方
岡山県,https://tenki.jp/forecast/7/,中国地方
岡山,https://tenki.jp/forecast/7/,中国地方
津山,https://tenki.jp/forecast/7/,中国地方
広島県,https://tenki.jp/forecast/7/,中国地方
広島,https://tenki.jp/forecast/7/,中国地方
庄原,https://tenki.jp/forecast/7/,中国地方
山口県,https://tenki.jp/forecast/7/,中国地方
下関,https://tenki.jp/forecast/7/,中国地方
山口,https://tenki.jp/forecast/7/,中国地方
柳井,https://tenki.jp/forecast/7/,中国地方
萩,https://tenki.jp/forecast/7/,中国地方
四国,https://tenki.jp/forecast/8/,四国地方
四国地方,https://tenki.jp/forecast/8/,四国地方
徳島県,https://tenki.jp/forecast/8/,四国地方
徳島,https://tenki.jp/forecast/8/,四国地方
日和佐,https://tenki.jp/forecast/8/,四国地方
香川県,https://tenki.jp/forecast/8/,四国地方
香川,https://tenki.jp/forecast/8/,四国地方
高松,https://tenki.jp/forecast/8/,四国地方
愛媛県,https://tenki.jp/forecast/8/,四国地方
愛媛,https://tenki.jp/forecast/8/,四国地方
松山,https://tenki.jp/forecast/8/,四国地方
新居浜,https://tenki.jp/forecast/8/,四国地方
宇和島,https://tenki.jp/forecast/8/,四国地方
高知県,https://tenki.jp/forecast/8/,四国地方
高知,https://tenki.jp/forecast/8/,四国地方
室戸,https://tenki.jp/forecast/8/,四国地方
清水,https://tenki.jp/forecast/8/,四国地方
九州,https://tenki.jp/forecast/9/,九州地方
九州地方,https://tenki.jp/forecast/9/,九州地方
福岡県,https://tenki.jp/forecast/9/,九州地方
福岡,https://tenki.jp/forecast/9/,九州地方
博多,https://tenki.jp/forecast/9/,九州地方
八幡,https://tenki.jp/forecast/9/,九州地方
飯塚,https://tenki.jp/forecast/9/,九州地方
久留米,https://tenki.jp/forecast/9/,九州地方
佐賀県,https://tenki.jp/forecast/9/,九州地方
佐賀,https://tenki.jp/forecast/9/,九州地方
伊万里,https://tenki.jp/forecast/9/,九州地方
長崎県,https://tenki.jp/forecast/9/,九州地方
長崎,https://tenki.jp/forecast/9/,九州地方
佐世保,https://tenki.jp/forecast/9/,九州地方
厳原,https://tenki.jp/forecast/9/,九州地方
福江,https://tenki.jp/forecast/9/,九州地方
熊本県,https://tenki.jp/forecast/9/,九州地方
熊本,https://tenki.jp/forecast/9/,九州地方
阿蘇乙姫,https://tenki.jp/forecast/9/,九州地方
阿蘇,https://tenki.jp/forecast/9/,九州地方
牛深,https://tenki.jp/forecast/9/,九州地方
人吉,https://tenki.jp/forecast/9/,九州地方
大分県,https://tenki.jp/forecast/9/,九州地方
大分,https://tenki.jp/forecast/9/,九州地方
中津,https://tenki.jp/forecast/9/,九州地方
日田,https://tenki.jp/forecast/9/,九州地方
佐伯,https://tenki.jp/forecast/9/,九州地方
宮崎県,https://tenki.jp/forecast/9/,九州地方
宮崎,https://tenki.jp/forecast/9/,九州地方
延岡 ,https://tenki.jp/forecast/9/,九州地方
都城,https://tenki.jp/forecast/9/,九州地方
高千穂,https://tenki.jp/forecast/9/,九州地方
鹿児島県,https://tenki.jp/forecast/9/,九州地方
名瀬,https://tenki.jp/forecast/9/,九州地方
鹿児島,https://tenki.jp/forecast/9/,九州地方
鹿屋,https://tenki.jp/forecast/9/,九州地方
種子島,https://tenki.jp/forecast/9/,九州地方
沖縄県,https://tenki.jp/forecast/10/,沖縄地方
沖縄,https://tenki.jp/forecast/10/,沖縄地方
沖縄地方,https://tenki.jp/forecast/10/,沖縄地方
那覇,https://tenki.jp/forecast/10/,沖縄地方
名護,https://tenki.jp/forecast/10/,沖縄地方
久米島,https://tenki.jp/forecast/10/,沖縄地方
南大東,https://tenki.jp/forecast/10/,沖縄地方
宮古島,https://tenki.jp/forecast/10/,沖縄地方
石垣島,https://tenki.jp/forecast/10/,沖縄地方
与那国島,https://tenki.jp/forecast/10/,沖縄地方
ジャパン,https://tenki.jp/,日本全国
世界,https://tenki.jp/world/,世界
地球,https://tenki.jp/world/,世界
テラ,https://tenki.jp/world/,世界
アース,https://tenki.jp/world/,世界
ヨーロッパ,https://tenki.jp/world/1/,ヨーロッパ
旧ソ連,https://tenki.jp/world/1/,ヨーロッパ
アイスランド,https://tenki.jp/world/1/102/,アイスランド
アクレイリ,https://tenki.jp/world/1/102/,アイスランド
レイキャビク,https://tenki.jp/world/1/102/,アイスランド
アイルランド,https://tenki.jp/world/1/103/,アイルランド
コルク,https://tenki.jp/world/1/103/,アイルランド
シャノン,https://tenki.jp/world/1/103/,アイルランド
ダブリン,https://tenki.jp/world/1/103/,アイルランド
ロスレア,https://tenki.jp/world/1/103/,アイルランド
アゾレス,https://tenki.jp/world/1/104/,アゾレス
サンタマリア,https://tenki.jp/world/1/104/,アゾレス
イギリス,https://tenki.jp/world/1/105/,イギリス
アバティーン,https://tenki.jp/world/1/105/,イギリス
アヴィモー,https://tenki.jp/world/1/105/,イギリス
エスクダレミュール,https://tenki.jp/world/1/105/,イギリス
カンボーン,https://tenki.jp/world/1/105/,イギリス
ショーベリー,https://tenki.jp/world/1/105/,イギリス
タイリー島,https://tenki.jp/world/1/105/,イギリス
ハーストモンスー,https://tenki.jp/world/1/105/,イギリス
ブライズ・ノートン,https://tenki.jp/world/1/105/,イギリス
ブリドリントン,https://tenki.jp/world/1/105/,イギリス
ベルファスト,https://tenki.jp/world/1/105/,イギリス
マンチェスター,https://tenki.jp/world/1/105/,イギリス
ロンドン,https://tenki.jp/world/1/105/3772/,イギリス、ロンドン
イタリア,https://tenki.jp/world/1/106/,イタリア
アンコーナ,https://tenki.jp/world/1/106/,イタリア
ウディネ,https://tenki.jp/world/1/106/,イタリア
カリアリ,https://tenki.jp/world/1/106/,イタリア
トラパニ,https://tenki.jp/world/1/106/,イタリア
トリノ,https://tenki.jp/world/1/106/,イタリア
パレルモ,https://tenki.jp/world/1/106/,イタリア
パンテッレリア島,https://tenki.jp/world/1/106/,イタリア
ピサ,https://tenki.jp/world/1/106/,イタリア
ブリンディジ,https://tenki.jp/world/1/106/,イタリア
ミラノ,https://tenki.jp/world/1/106/,イタリア
メッシーナ,https://tenki.jp/world/1/106/,イタリア
ローマ,https://tenki.jp/world/1/106/16242/,イタリア、ローマ
ベェネツィア,https://tenki.jp/world/1/106/,イタリア
ウクライナ,https://tenki.jp/world/1/107/,ウクライナ
キエフ,https://tenki.jp/world/1/107/,ウクライナ
オデッサ,https://tenki.jp/world/1/107/,ウクライナ
クリボイログ,https://tenki.jp/world/1/107/,ウクライナ
チェルニフツィ,https://tenki.jp/world/1/107/,ウクライナ
ポルタワ,https://tenki.jp/world/1/107/,ウクライナ
ウズベキスタン,https://tenki.jp/world/1/108/,ウズベキスタン
サマルカンド,https://tenki.jp/world/1/108/,ウズベキスタン
タシケント,https://tenki.jp/world/1/108/,ウズベキスタン
エストニア,https://tenki.jp/world/1/109/,エストニア
タリン,https://tenki.jp/world/1/109/,エストニア
リスチ,https://tenki.jp/world/1/109/,エストニア
オーストリア,https://tenki.jp/world/1/110/,オーストリア
インスブルッグ,https://tenki.jp/world/1/110/,オーストリア
ウイーン,https://tenki.jp/world/1/110/11036/,オーストリア、ウイーン
グラーツ,https://tenki.jp/world/1/110/,オーストリア
ザルツブルク,https://tenki.jp/world/1/110/,オーストリア
リンツ,https://tenki.jp/world/1/110/,オーストリア
オランダ,https://tenki.jp/world/1/111/,オランダ
アムステルダム,https://tenki.jp/world/1/111/6240/,オランダ、アムステルダム
デビルト,https://tenki.jp/world/1/111/,オランダ
マーストリヒト,https://tenki.jp/world/1/111/,オランダ
レーワルデン,https://tenki.jp/world/1/111/,オランダ
カザフスタン,https://tenki.jp/world/1/112/,カザフスタン
アルマティ,https://tenki.jp/world/1/112/,カザフスタン
セミパラチンスク,https://tenki.jp/world/1/112/,カザフスタン
トルケスタン,https://tenki.jp/world/1/112/,カザフスタン
バルハシ,https://tenki.jp/world/1/112/,カザフスタン
キプロス,https://tenki.jp/world/1/113/,キプロス
ラルナカ,https://tenki.jp/world/1/113/,キプロス
ギリシャ,https://tenki.jp/world/1/114/,ギリシャ
アテネ,https://tenki.jp/world/1/114/16716/,ギリシャ、アテネ
イラクリオン,https://tenki.jp/world/1/114/,ギリシャ
クレタ島,https://tenki.jp/world/1/114/,ギリシャ
テッサロニキ,https://tenki.jp/world/1/114/,ギリシャ
ロードス,https://tenki.jp/world/1/114/,ギリシャ
キルギス,https://tenki.jp/world/1/115/,キルギス
ナリン,https://tenki.jp/world/1/115/,キルギス
スイス,https://tenki.jp/world/1/117/,スイス
インターラーケン,https://tenki.jp/world/1/117/,スイス
ジュネーブ,https://tenki.jp/world/1/117/,スイス
チューリッヒ,https://tenki.jp/world/1/117/6660/,スイス、チューリッヒ
ベルン,https://tenki.jp/world/1/117/,スイス
ローザンヌ,https://tenki.jp/world/1/117/,スイス
スウェーデン,https://tenki.jp/world/1/118/,スウェーデン
エステルスンド,https://tenki.jp/world/1/118/,スウェーデン
ストックホルム,https://tenki.jp/world/1/118/2464/,スウェーデン、ストックホルム
スベンスカホガルナ,https://tenki.jp/world/1/118/,スウェーデン
トループ,https://tenki.jp/world/1/118/,スウェーデン
パヤラ,https://tenki.jp/world/1/118/,スウェーデン
リンシューピング,https://tenki.jp/world/1/118/,スウェーデン
スペイン,https://tenki.jp/world/1/119/,スペイン
クエンカ,https://tenki.jp/world/1/119/,スペイン
グラナダ,https://tenki.jp/world/1/119/,スペイン
コルドバ,https://tenki.jp/world/1/119/,スペイン
サラマンカ,https://tenki.jp/world/1/119/,スペイン
セゴビア,https://tenki.jp/world/1/119/,スペイン
セビリア,https://tenki.jp/world/1/119/,スペイン
トレド,https://tenki.jp/world/1/119/,スペイン
バルセロナ,https://tenki.jp/world/1/119/,スペイン
バレンシア,https://tenki.jp/world/1/119/,スペイン
パンプローナ,https://tenki.jp/world/1/119/,スペイン
ブルゴス,https://tenki.jp/world/1/119/,スペイン
マドリード,https://tenki.jp/world/1/119/8221/,スペイン、マドリード
マラガ,https://tenki.jp/world/1/119/,スペイン
レオン,https://tenki.jp/world/1/119/,スペイン
スロバキア,https://tenki.jp/world/1/120/,スロバキア
コシツェ,https://tenki.jp/world/1/120/,スロバキア
ブラティスラバ,https://tenki.jp/world/1/120/,スロバキア
タジキスタン,https://tenki.jp/world/1/122/,タジキスタン
ドシャンベ,https://tenki.jp/world/1/122/,タジキスタン
チェコ,https://tenki.jp/world/1/123/,チェコ
オストラバ,https://tenki.jp/world/1/123/,チェコ
プラハ,https://tenki.jp/world/1/123/11518/,チェコ、プラハ
デンマーク,https://tenki.jp/world/1/124/,デンマーク
コペンハーゲン,https://tenki.jp/world/1/124/,デンマーク
ドイツ,https://tenki.jp/world/1/125/,ドイツ
アウグスブルク,https://tenki.jp/world/1/125/,ドイツ
エムデン,https://tenki.jp/world/1/125/,ドイツ
カッセル,https://tenki.jp/world/1/125/,ドイツ
ケムプテン,https://tenki.jp/world/1/125/,ドイツ
シュツットガルト,https://tenki.jp/world/1/125/,ドイツ
シュトラウビング,https://tenki.jp/world/1/125/,ドイツ
シュレスウィッヒ,https://tenki.jp/world/1/125/,ドイツ
デュッセルドルフ,https://tenki.jp/world/1/125/,ドイツ
ドレスデン,https://tenki.jp/world/1/125/,ドイツ
ニュルンベルク,https://tenki.jp/world/1/125/,ドイツ
ハノーバー,https://tenki.jp/world/1/125/,ドイツ
ハンブルグ,https://tenki.jp/world/1/125/,ドイツ
バルヴァイラー,https://tenki.jp/world/1/125/,ドイツ
フランクフルト,https://tenki.jp/world/1/125/,ドイツ
ブレーメン,https://tenki.jp/world/1/125/,ドイツ
ベルリン,https://tenki.jp/world/1/125/10384/,ドイツ、ベルリン
ミュンヘン,https://tenki.jp/world/1/125/,ドイツ
ライプチヒ,https://tenki.jp/world/1/125/,ドイツ
トルクメニスタン,https://tenki.jp/world/1/126/,トルクメニスタン
アシハバード,https://tenki.jp/world/1/126/,トルクメニスタン
トルクメンバシ,https://tenki.jp/world/1/126/,トルクメニスタン
ノルウェー,https://tenki.jp/world/1/127/,ノルウェー
アルタ,https://tenki.jp/world/1/127/,ノルウェー
オスロ,https://tenki.jp/world/1/127/1384/,ノルウェー、オスロ
スウィノイ,https://tenki.jp/world/1/127/,ノルウェー
スタヴァンガル,https://tenki.jp/world/1/127/,ノルウェー
トロムセー,https://tenki.jp/world/1/127/,ノルウェー
トロンヘイム,https://tenki.jp/world/1/127/,ノルウェー
フゼゲルネス,https://tenki.jp/world/1/127/,ノルウェー
ボーデ,https://tenki.jp/world/1/127/,ノルウェー
ハンガリー,https://tenki.jp/world/1/128/,ハンガリー
ジェール,https://tenki.jp/world/1/128/,ハンガリー
ナチカニジャ,https://tenki.jp/world/1/128/,ハンガリー
ブタペスト,https://tenki.jp/world/1/128/12843/,ハンガリー、ブタペスト
ペーチュ,https://tenki.jp/world/1/128/,ハンガリー
フィンランド,https://tenki.jp/world/1/129/,フィンランド
ソダンキュラ,https://tenki.jp/world/1/129/,フィンランド
ヘルシンキ,https://tenki.jp/world/1/129/,フィンランド
ヨキオイネン,https://tenki.jp/world/1/129/,フィンランド
フランス,https://tenki.jp/world/1/130/,フランス
カーン,https://tenki.jp/world/1/130/,フランス
ストラスブール,https://tenki.jp/world/1/130/,フランス
ディジョン,https://tenki.jp/world/1/130/,フランス
トゥール,https://tenki.jp/world/1/130/,フランス
トゥルーズ,https://tenki.jp/world/1/130/,フランス
ナンシー,https://tenki.jp/world/1/130/,フランス
ナント,https://tenki.jp/world/1/130/,フランス
ニース,https://tenki.jp/world/1/130/,フランス
パリ,https://tenki.jp/world/1/130/7149/,フランス、パリ
プレスト,https://tenki.jp/world/1/130/,フランス
ブールジュ,https://tenki.jp/world/1/130/,フランス
ペルペニャン,https://tenki.jp/world/1/130/,フランス
ボルドー,https://tenki.jp/world/1/130/,フランス
ランス,https://tenki.jp/world/1/130/,フランス
リモージュ,https://tenki.jp/world/1/130/,フランス
リヨン,https://tenki.jp/world/1/130/,フランス
リール,https://tenki.jp/world/1/130/,フランス
レンヌ,https://tenki.jp/world/1/130/,フランス
ブルガリア,https://tenki.jp/world/1/131/,ブルガリア
スリヴェン,https://tenki.jp/world/1/131/,ブルガリア
ソフィア,https://tenki.jp/world/1/131/,ブルガリア
バルナ,https://tenki.jp/world/1/131/,ブルガリア
ベラルーシ,https://tenki.jp/world/1/132/,ベラルーシ
ゴメリ,https://tenki.jp/world/1/132/,ベラルーシ
ブレスト,https://tenki.jp/world/1/132/,ベラルーシ
ミンスク,https://tenki.jp/world/1/132/,ベラルーシ
ベルギー,https://tenki.jp/world/1/133/,ベルギー
ブリュッセル,https://tenki.jp/world/1/133/,ベルギー
ユクル,https://tenki.jp/world/1/133/,ベルギー
ポーランド,https://tenki.jp/world/1/134/,ポーランド
トルン,https://tenki.jp/world/1/134/,ポーランド
ポズナニ,https://tenki.jp/world/1/134/,ポーランド
ワルシャワ,https://tenki.jp/world/1/134/,ポーランド
ヴロツワフ,https://tenki.jp/world/1/134/,ポーランド
ポルトガル,https://tenki.jp/world/1/135/,ポルトガル
エヴォラ,https://tenki.jp/world/1/135/,ポルトガル
ポルト,https://tenki.jp/world/1/135/,ポルトガル
ポルトサント島,https://tenki.jp/world/1/135/,ポルトガル
リスボン,https://tenki.jp/world/1/135/8536/,ポルトガル、リスボン
マケドニア,https://tenki.jp/world/1/136/,マケドニア
スコーピエ,https://tenki.jp/world/1/136/,マケドニア
マデイラ,https://tenki.jp/world/1/137/,マデイラ
フンシャル,https://tenki.jp/world/1/137/,マデイラ
マルタ,https://tenki.jp/world/1/138/,マルタ
マルタ島,https://tenki.jp/world/1/138/,マルタ
モルドバ,https://tenki.jp/world/1/139/,モルドバ
キシニョフ,https://tenki.jp/world/1/139/,モルドバ
セルビア,https://tenki.jp/world/1/140/,セルビア
クラリェボ,https://tenki.jp/world/1/140/,セルビア
ニーシュ,https://tenki.jp/world/1/140/,セルビア
ベオグラード,https://tenki.jp/world/1/140/,セルビア
ラトビア,https://tenki.jp/world/1/141/,ラトビア
ダウガフピルス,https://tenki.jp/world/1/141/,ラトビア
リエパーヤ,https://tenki.jp/world/1/141/,ラトビア
リガ,https://tenki.jp/world/1/141/,ラトビア
リトアニア,https://tenki.jp/world/1/142/,リトアニア
カウナス,https://tenki.jp/world/1/142/,リトアニア
クライペダ,https://tenki.jp/world/1/142/,リトアニア
ビリニュス,https://tenki.jp/world/1/142/,リトアニア
ルーマニア,https://tenki.jp/world/1/143/,ルーマニア
アラド,https://tenki.jp/world/1/143/,ルーマニア
コンスタンツァ,https://tenki.jp/world/1/143/,ルーマニア
シビウ,https://tenki.jp/world/1/143/,ルーマニア
ブカレスト,https://tenki.jp/world/1/143/,ルーマニア
ブザウ,https://tenki.jp/world/1/143/,ルーマニア
ヤーシ,https://tenki.jp/world/1/143/,ルーマニア
ルクセンブルク,https://tenki.jp/world/1/144/6589/,ルクセンブルク
ロシア,https://tenki.jp/world/1/145/,ロシア
アルハンゲリスク,https://tenki.jp/world/1/145/,ロシア
イルクーツク,https://tenki.jp/world/1/145/,ロシア
ウファ,https://tenki.jp/world/1/145/,ロシア
ウラジオストック,https://tenki.jp/world/1/145/,ロシア
ウラン・ウデ,https://tenki.jp/world/1/145/,ロシア
エカテリンブルグ,https://tenki.jp/world/1/145/,ロシア
オイミヤコン,https://tenki.jp/world/1/145/,ロシア
オムスク,https://tenki.jp/world/1/145/,ロシア
カザン,https://tenki.jp/world/1/145/,ロシア
カリーニングラード,https://tenki.jp/world/1/145/,ロシア
キーロフ,https://tenki.jp/world/1/145/,ロシア
クラスノダール,https://tenki.jp/world/1/145/,ロシア
サマーラ,https://tenki.jp/world/1/145/,ロシア
サンクトペテルブルク,https://tenki.jp/world/1/145/,ロシア
チェリャビンスク,https://tenki.jp/world/1/145/,ロシア
チタ,https://tenki.jp/world/1/145/,ロシア
トゥーラ,https://tenki.jp/world/1/145/,ロシア
ニジニノヴゴロド,https://tenki.jp/world/1/145/,ロシア
ノヴォシビルスク,https://tenki.jp/world/1/145/,ロシア
ハバロフスク,https://tenki.jp/world/1/145/,ロシア
ボロネジ,https://tenki.jp/world/1/145/,ロシア
マガダン,https://tenki.jp/world/1/145/,ロシア
モスクワ,https://tenki.jp/world/1/145/27612/,ロシア、モスクワ
ヤクーツク,https://tenki.jp/world/1/145/,ロシア
ロストフ,https://tenki.jp/world/1/145/,ロシア
ヴォルゴグラード,https://tenki.jp/world/1/145/,ロシア
モンテネグロ,https://tenki.jp/world/1/146/,モンテネグロ
プリェヴリャ,https://tenki.jp/world/1/146/,モンテネグロ
アフリカ,https://tenki.jp/world/2/,アフリカ
アルジェリア,https://tenki.jp/world/2/1/,アルジェリア
アルジェ,https://tenki.jp/world/2/1/,アルジェリア
ガルダイア,https://tenki.jp/world/2/1/,アルジェリア
コンスタンティーヌ,https://tenki.jp/world/2/1/,アルジェリア
タマンラセット,https://tenki.jp/world/2/1/,アルジェリア
ウガンダ,https://tenki.jp/world/2/2/,ウガンダ
アルア,https://tenki.jp/world/2/2/,ウガンダ
エンテベ,https://tenki.jp/world/2/2/,ウガンダ
エジプト,https://tenki.jp/world/2/3/,エジプト
アスワン,https://tenki.jp/world/2/3/,エジプト
アレクサンドリア,https://tenki.jp/world/2/3/,エジプト
カイロ,https://tenki.jp/world/2/3/62366/,エジプト、カイロ
ルクソール,https://tenki.jp/world/2/3/,エジプト
カーボヴェルデ,https://tenki.jp/world/2/4/,カーボヴェルデ
ミンデロ,https://tenki.jp/world/2/4/,カーボヴェルデ
カナリア諸島,https://tenki.jp/world/2/5/,カナリア諸島
ラスパルマス,https://tenki.jp/world/2/5/,カナリア諸島
ガボン,https://tenki.jp/world/2/6/,ガボン
リーブルビル,https://tenki.jp/world/2/6/,ガボン
カメルーン,https://tenki.jp/world/2/7/,カメルーン
ヌガウンデレ,https://tenki.jp/world/2/7/,カメルーン
ガンビア,https://tenki.jp/world/2/8/,ガンビア
バンジュール,https://tenki.jp/world/2/8/,ガンビア
ギニア,https://tenki.jp/world/2/9/,ギニア
コナクリ,https://tenki.jp/world/2/9/,ギニア
ケニア,https://tenki.jp/world/2/10/,ケニア
ナイロビ,https://tenki.jp/world/2/10/63740/,ケニア、ナイロビ
ナクル,https://tenki.jp/world/2/10/,ケニア
メルー,https://tenki.jp/world/2/10/,ケニア
モンバサ,https://tenki.jp/world/2/10/,ケニア
コートジボワール,https://tenki.jp/world/2/11/,コートジボワール
ブアケ,https://tenki.jp/world/2/11/,コートジボワール
コンゴ共和国,https://tenki.jp/world/2/12/,コンゴ共和国
コンゴ,https://tenki.jp/world/2/12/,コンゴ共和国
ブラザヴィル,https://tenki.jp/world/2/12/,コンゴ共和国
ポワントノワール,https://tenki.jp/world/2/12/,コンゴ共和国
コンゴ民主共和国,https://tenki.jp/world/2/13/,コンゴ民主共和国
キンシャサ,https://tenki.jp/world/2/13/,コンゴ民主共和国
ジンバブエ,https://tenki.jp/world/2/14/,ジンバブエ
ハラーレ,https://tenki.jp/world/2/14/,ジンバブエ
ヴィクトリア滝,https://tenki.jp/world/2/14/,ジンバブエ
スーダン,https://tenki.jp/world/2/15/,スーダン
ヌヤーラ,https://tenki.jp/world/2/15/,スーダン
ハルツーム,https://tenki.jp/world/2/15/,スーダン
ポートスーダン,https://tenki.jp/world/2/15/,スーダン
ワディハルファ,https://tenki.jp/world/2/15/,スーダン
セネガル,https://tenki.jp/world/2/16/,セネガル
カオラック,https://tenki.jp/world/2/16/,セネガル
ダカール,https://tenki.jp/world/2/16/,セネガル
セントヘレナ諸島,https://tenki.jp/world/2/17/,セントヘレナ諸島
アセンション島,https://tenki.jp/world/2/17/,セントヘレナ諸島
タンザニア,https://tenki.jp/world/2/18/,タンザニア
キリマンジャロ,https://tenki.jp/world/2/18/,タンザニア
タボラ,https://tenki.jp/world/2/18/,タンザニア
ダルエスサラーム,https://tenki.jp/world/2/18/,タンザニア
ムワンザ,https://tenki.jp/world/2/18/,タンザニア
チャド,https://tenki.jp/world/2/19/,チャド
ンジャメナ,https://tenki.jp/world/2/19/,チャド
チュニジア,https://tenki.jp/world/2/20/,チュニジア
カイルアン,https://tenki.jp/world/2/20/,チュニジア
カルタゴ,https://tenki.jp/world/2/20/,チュニジア
ガベス,https://tenki.jp/world/2/20/,チュニジア
トズール,https://tenki.jp/world/2/20/,チュニジア
トーゴ,https://tenki.jp/world/2/21/,トーゴ
ロメ,https://tenki.jp/world/2/21/,トーゴ
ナミビア,https://tenki.jp/world/2/22/,ナミビア
ウィントフック,https://tenki.jp/world/2/22/,ナミビア
ウォルビスベイ,https://tenki.jp/world/2/22/,ナミビア
ニジェール,https://tenki.jp/world/2/23/,ニジェール
ニアメー,https://tenki.jp/world/2/23/,ニジェール
マラディ,https://tenki.jp/world/2/23/,ニジェール
ブルキナファソ,https://tenki.jp/world/2/24/,ブルキナファソ
ボボデュラッソ,https://tenki.jp/world/2/24/,ブルキナファソ
ワガドゥーグー,https://tenki.jp/world/2/24/,ブルキナファソ
ベナン,https://tenki.jp/world/2/25/,ベナン
コトヌー,https://tenki.jp/world/2/25/,ベナン
ボツワナ,https://tenki.jp/world/2/26/,ボツワナ
ツヘーネ,https://tenki.jp/world/2/26/,ボツワナ
マウン,https://tenki.jp/world/2/26/,ボツワナ
マダガスカル,https://tenki.jp/world/2/27/,マダガスカル
アンタナナリボ,https://tenki.jp/world/2/27/,マダガスカル
フィアナランツォア,https://tenki.jp/world/2/27/,マダガスカル
マリ,https://tenki.jp/world/2/28/,マリ
バマコ,https://tenki.jp/world/2/28/,マリ
モプティ,https://tenki.jp/world/2/28/,マリ
モーリシャス,https://tenki.jp/world/2/29/,モーリシャス
バコア,https://tenki.jp/world/2/29/,モーリシャス
モーリタニア,https://tenki.jp/world/2/30/,モーリタニア
ティジクジャ,https://tenki.jp/world/2/30/,モーリタニア
ヌアクショット,https://tenki.jp/world/2/30/,モーリタニア
ビルモグレイン,https://tenki.jp/world/2/30/,モーリタニア
モロッコ,https://tenki.jp/world/2/31/,モロッコ
カサブランカ,https://tenki.jp/world/2/31/60155/,モロッコ、カサブランカ
マラケシュ,https://tenki.jp/world/2/31/,モロッコ
ラバト,https://tenki.jp/world/2/31/,モロッコ
ワルザザード,https://tenki.jp/world/2/31/,モロッコ
リビア,https://tenki.jp/world/2/32/,リビア
アウバリー,https://tenki.jp/world/2/32/,リビア
トリポリ,https://tenki.jp/world/2/32/,リビア
中央アフリカ,https://tenki.jp/world/2/33/,中央アフリカ
バンギ,https://tenki.jp/world/2/33/,中央アフリカ
南アフリカ,https://tenki.jp/world/2/34/,南アフリカ
キンバーリー,https://tenki.jp/world/2/34/,南アフリカ
ケープタウン,https://tenki.jp/world/2/34/68816/,南アフリカ、ケープタウン
ダーバン,https://tenki.jp/world/2/34/,南アフリカ
ブルームフォンテイン,https://tenki.jp/world/2/34/,南アフリカ
プレトリア,https://tenki.jp/world/2/34/,南アフリカ
ポートエリザベス,https://tenki.jp/world/2/34/,南アフリカ
ヨハネスブルク,https://tenki.jp/world/2/34/,南アフリカ
南スーダン,https://tenki.jp/world/2/147/,南スーダン
ジュバ,https://tenki.jp/world/2/147/,南スーダン
中東,https://tenki.jp/world/3/,中東
アラブ首長国連邦,https://tenki.jp/world/3/42/,アラブ首長国連邦
アブダビ,https://tenki.jp/world/3/42/,アラブ首長国連邦
ドバイ,https://tenki.jp/world/3/42/41194/,アラブ首長国連邦、ドバイ
イスラエル,https://tenki.jp/world/3/43/,イスラエル
エルサレム,https://tenki.jp/world/3/43/40184/,イスラエル、エルサレム
ハイファ,https://tenki.jp/world/3/43/,イスラエル
イラン,https://tenki.jp/world/3/45/,イラン
イスファハーン,https://tenki.jp/world/3/45/,イラン
ケルマンシャー,https://tenki.jp/world/3/45/,イラン
シラーズ,https://tenki.jp/world/3/45/,イラン
テヘラン,https://tenki.jp/world/3/45/40754/,イラン、テヘラン
オマーン,https://tenki.jp/world/3/46/,オマーン
サラーラ,https://tenki.jp/world/3/46/,オマーン
マスカット,https://tenki.jp/world/3/46/,オマーン
カタール,https://tenki.jp/world/3/47/,カタール
ドーハ,https://tenki.jp/world/3/47/,カタール
クウェート,https://tenki.jp/world/3/48/,クウェート
サウジアラビア,https://tenki.jp/world/3/49/,サウジアラビア
ジェッダ,https://tenki.jp/world/3/49/,サウジアラビア
ダーラン,https://tenki.jp/world/3/49/,サウジアラビア
メッカ,https://tenki.jp/world/3/49/41030/,サウジアラビア、メッカ
リヤド,https://tenki.jp/world/3/49/,サウジアラビア
シリア,https://tenki.jp/world/3/50/,シリア
アレッポ,https://tenki.jp/world/3/50/,シリア
ダマスカス,https://tenki.jp/world/3/50/,シリア
パルミラ,https://tenki.jp/world/3/50/,シリア
トルコ,https://tenki.jp/world/3/51/,トルコ
アンカラ,https://tenki.jp/world/3/51/,トルコ
イスタンブール,https://tenki.jp/world/3/51/17060/,トルコ、イスタンブール
イズミール,https://tenki.jp/world/3/51/,トルコ
ウスパルタ,https://tenki.jp/world/3/51/,トルコ
コンヤ,https://tenki.jp/world/3/51/,トルコ
ゾングルダク,https://tenki.jp/world/3/51/,トルコ
ディヤルバキル,https://tenki.jp/world/3/51/,トルコ
バーレーン,https://tenki.jp/world/3/52/,バーレーン
ヨルダン,https://tenki.jp/world/3/53/,ヨルダン
サフィ,https://tenki.jp/world/3/53/,ヨルダン
マアーン,https://tenki.jp/world/3/53/,ヨルダン
マフラク,https://tenki.jp/world/3/53/,ヨルダン
レバノン,https://tenki.jp/world/3/54/,レバノン
トリポリ,https://tenki.jp/world/3/54/,レバノン
ベイルート,https://tenki.jp/world/3/54/,レバノン
東南アジア,https://tenki.jp/world/4/,南・東南アジア
南アジア,https://tenki.jp/world/4/,南・東南アジア
インドネシア,https://tenki.jp/world/4/77/,インドネシア
ジャカルタ,https://tenki.jp/world/4/77/96749/,インドネシア、ジャカルタ
スラバヤ,https://tenki.jp/world/4/77/,インドネシア
ソロン,https://tenki.jp/world/4/77/,インドネシア
タラカン,https://tenki.jp/world/4/77/,インドネシア
タレンパ島,https://tenki.jp/world/4/77/,インドネシア
タンジュンパンダン,https://tenki.jp/world/4/77/,インドネシア
デンパサール,https://tenki.jp/world/4/77/,インドネシア
バンドン,https://tenki.jp/world/4/77/,インドネシア
ポンティアナック,https://tenki.jp/world/4/77/,インドネシア
メダン,https://tenki.jp/world/4/77/,インドネシア
ロークスマウェ,https://tenki.jp/world/4/77/,インドネシア
カンボジア,https://tenki.jp/world/4/78/,カンボジア
シェムリアップ,https://tenki.jp/world/4/78/,カンボジア
シンガポール,https://tenki.jp/world/4/79/48698/,シンガポール
タイ,https://tenki.jp/world/4/80/,タイ
ウッタラディト,https://tenki.jp/world/4/80/,タイ
サッタヒップ,https://tenki.jp/world/4/80/,タイ
チェンマイ,https://tenki.jp/world/4/80/,タイ
チェンライ,https://tenki.jp/world/4/80/,タイ
ナコンラーチャシーマ,https://tenki.jp/world/4/80/,タイ
ナラティワート,https://tenki.jp/world/4/80/,タイ
ナン,https://tenki.jp/world/4/80/,タイ
バンコク,https://tenki.jp/world/4/80/48456/,タイ、バンコク
プーケット,https://tenki.jp/world/4/80/,タイ
ホアヒン,https://tenki.jp/world/4/80/,タイ
メーソート,https://tenki.jp/world/4/80/,タイ
メーホーンソーン,https://tenki.jp/world/4/80/,タイ
ランパン,https://tenki.jp/world/4/80/,タイ
フィリピン,https://tenki.jp/world/4/81/,フィリピン
イロイロ,https://tenki.jp/world/4/81/,フィリピン
ダバオ,https://tenki.jp/world/4/81/,フィリピン
マクタン,https://tenki.jp/world/4/81/,フィリピン
マニラ,https://tenki.jp/world/4/81/98429/,フィリピン、マニラ
ラオアグ,https://tenki.jp/world/4/81/,フィリピン
ベトナム,https://tenki.jp/world/4/82/,ベトナム
ドンホア,https://tenki.jp/world/4/82/,ベトナム
ニャチャン,https://tenki.jp/world/4/82/,ベトナム
ハノイ,https://tenki.jp/world/4/82/48820/,ベトナム、ハノイ
ホーチミン,https://tenki.jp/world/4/82/,ベトナム
マレーシア,https://tenki.jp/world/4/83/,マレーシア
クアラルンプール,https://tenki.jp/world/4/83/48647/,マレーシア、クアラルンプール
インド,https://tenki.jp/world/4/96/,インド
アウランガーバード,https://tenki.jp/world/4/96/,インド
アラハバード,https://tenki.jp/world/4/96/,インド
アーメダーバード,https://tenki.jp/world/4/96/,インド
グワリオール,https://tenki.jp/world/4/96/,インド
コルカタ,https://tenki.jp/world/4/96/,インド
カルカッタ,https://tenki.jp/world/4/96/,インド
コーチン,https://tenki.jp/world/4/96/,インド
ジャイプル,https://tenki.jp/world/4/96/,インド
チェンナイ,https://tenki.jp/world/4/96/,インド
ティルチラパリ,https://tenki.jp/world/4/96/,インド
トリヴァンドラム,https://tenki.jp/world/4/96/,インド
ニューデリー,https://tenki.jp/world/4/96/42182/,インド、ニューデリー
ハイデラーバード,https://tenki.jp/world/4/96/,インド
バンガロール,https://tenki.jp/world/4/96/,インド
ムンバイ,https://tenki.jp/world/4/96/43003/,インド、ムンバイ
スリランカ,https://tenki.jp/world/4/97/,スリランカ
アヌラーダプラ,https://tenki.jp/world/4/97/,スリランカ
ヌワラエリヤ,https://tenki.jp/world/4/97/,スリランカ
プッタラム,https://tenki.jp/world/4/97/,スリランカ
ネパール,https://tenki.jp/world/4/98/,ネパール
カトマンズ,https://tenki.jp/world/4/98/44454/,ネパール、カトマンズ
パキスタン,https://tenki.jp/world/4/99/,パキスタン
カラチ,https://tenki.jp/world/4/99/,パキスタン
ペシャワル,https://tenki.jp/world/4/99/,パキスタン
ラホール,https://tenki.jp/world/4/99/,パキスタン
バングラデシュ,https://tenki.jp/world/4/100/,バングラデシュ
ダッカ,https://tenki.jp/world/4/100/,バングラデシュ
チッタゴン,https://tenki.jp/world/4/100/,バングラデシュ
モルジブ,https://tenki.jp/world/4/101/,モルジブ
マレ,https://tenki.jp/world/4/101/,モルジブ
東アジア,https://tenki.jp/world/5/,東アジア
モンゴル,https://tenki.jp/world/5/86/,モンゴル
アルタイ,https://tenki.jp/world/5/86/,モンゴル
ウランバートル,https://tenki.jp/world/5/86/44292/,モンゴル、ウランバートル
ウラーンゴム,https://tenki.jp/world/5/86/,モンゴル
チョイバルサン,https://tenki.jp/world/5/86/,モンゴル
バローンオルト,https://tenki.jp/world/5/86/,モンゴル
ムルン,https://tenki.jp/world/5/86/,モンゴル
香港,https://tenki.jp/world/5/87/45007/,香港
台湾,https://tenki.jp/world/5/88/,台湾
台中,https://tenki.jp/world/5/88/,台湾
台北,https://tenki.jp/world/5/88/58968/,台湾、台北
恒春,https://tenki.jp/world/5/88/,台湾
高雄,https://tenki.jp/world/5/88/,台湾
韓国,https://tenki.jp/world/5/89/,韓国
ソウル,https://tenki.jp/world/5/89/47108/,韓国、ソウル
仁川,https://tenki.jp/world/5/89/,韓国
大田,https://tenki.jp/world/5/89/,韓国
木浦,https://tenki.jp/world/5/89/,韓国
江陵,https://tenki.jp/world/5/89/,韓国
浦項,https://tenki.jp/world/5/89/,韓国
済州,https://tenki.jp/world/5/89/,韓国
釜山,https://tenki.jp/world/5/89/,韓国
中国,https://tenki.jp/world/5/90/,中国
アモイ,https://tenki.jp/world/5/90/,中国
ヘナン,https://tenki.jp/world/5/90/,中国
上海,https://tenki.jp/world/5/90/58362/,中国、上海
伊春,https://tenki.jp/world/5/90/,中国
北京,https://tenki.jp/world/5/90/54511/,中国、北京
南京,https://tenki.jp/world/5/90/,中国
南寧,https://tenki.jp/world/5/90/,中国
南昌,https://tenki.jp/world/5/90/,中国
南陽,https://tenki.jp/world/5/90/,中国
吐魯番,https://tenki.jp/world/5/90/,中国
呼和浩特,https://tenki.jp/world/5/90/,中国
和田,https://tenki.jp/world/5/90/,中国
哈爾浜,https://tenki.jp/world/5/90/,中国
喀什,https://tenki.jp/world/5/90/,中国
大理,https://tenki.jp/world/5/90/,中国
大連,https://tenki.jp/world/5/90/,中国
安慶,https://tenki.jp/world/5/90/,中国
宜賓,https://tenki.jp/world/5/90/,中国
広州,https://tenki.jp/world/5/90/,中国
庫車,https://tenki.jp/world/5/90/,中国
延安,https://tenki.jp/world/5/90/,中国
成都,https://tenki.jp/world/5/90/,中国
拉薩,https://tenki.jp/world/5/90/,中国
敦煌,https://tenki.jp/world/5/90/,中国
斉斉哈爾,https://tenki.jp/world/5/90/,中国
昆明,https://tenki.jp/world/5/90/,中国
杭州,https://tenki.jp/world/5/90/,中国
桂林,https://tenki.jp/world/5/90/,中国
梧州,https://tenki.jp/world/5/90/,中国
楽亭,https://tenki.jp/world/5/90/,中国
武漢,https://tenki.jp/world/5/90/,中国
武都,https://tenki.jp/world/5/90/,中国
海口,https://tenki.jp/world/5/90/,中国
済南,https://tenki.jp/world/5/90/,中国
瀾滄,https://tenki.jp/world/5/90/,中国
烏魯木斉,https://tenki.jp/world/5/90/,中国
百霊廟,https://tenki.jp/world/5/90/,中国
福州,https://tenki.jp/world/5/90/,中国
蘭州,https://tenki.jp/world/5/90/,中国
西安,https://tenki.jp/world/5/90/,中国
西寧,https://tenki.jp/world/5/90/,中国
鄭州,https://tenki.jp/world/5/90/,中国
酉陽,https://tenki.jp/world/5/90/,中国
重慶,https://tenki.jp/world/5/90/,中国
長春,https://tenki.jp/world/5/90/,中国
長沙,https://tenki.jp/world/5/90/,中国
阿克蘇,https://tenki.jp/world/5/90/,中国
青島,https://tenki.jp/world/5/90/,中国
麗江,https://tenki.jp/world/5/90/,中国
北朝鮮,https://tenki.jp/world/5/91/,北朝鮮
咸興,https://tenki.jp/world/5/91/,北朝鮮
平壌,https://tenki.jp/world/5/91/47058/,北朝鮮、平壌
清津,https://tenki.jp/world/5/91/,北朝鮮
太平洋,https://tenki.jp/world/6/,太平洋
ハワイ,https://tenki.jp/world/6/38/,ハワイ
マウイ島,https://tenki.jp/world/6/38/,ハワイ
ハワイ島,https://tenki.jp/world/6/38/,ハワイ
ホノルル,https://tenki.jp/world/6/38/91182/,ハワイ、ホノルル
カウアイ島,https://tenki.jp/world/6/38/,ハワイ
タヒチ,https://tenki.jp/world/6/39/91938/,タヒチ
アメリカ領サモア,https://tenki.jp/world/6/39/,タヒチ周辺
キリバス,https://tenki.jp/world/6/39/,タヒチ周辺
クック諸島,https://tenki.jp/world/6/39/,タヒチ周辺
サモア,https://tenki.jp/world/6/39/,タヒチ周辺
ツバル,https://tenki.jp/world/6/39/,タヒチ周辺
トンガ,https://tenki.jp/world/6/39/91792/,トンガ
ガンビエ諸島,https://tenki.jp/world/6/39/,タヒチ周辺
トゥアモトゥ諸島,https://tenki.jp/world/6/39/,タヒチ周辺
マルケサス諸島,https://tenki.jp/world/6/39/,タヒチ周辺
ポリネシア,https://tenki.jp/world/6/39/,タヒチ周辺
グアム・サイパン,https://tenki.jp/world/6/40/,グアム・サイパン周辺
ウェーク島,https://tenki.jp/world/6/40/,グアム・サイパン周辺
グアム,https://tenki.jp/world/6/40/91212/,グアム
パラオ,https://tenki.jp/world/6/40/,グアム・サイパン周辺
マーシャル諸島,https://tenki.jp/world/6/40/,グアム・サイパン周辺
ミクロネシア連邦,https://tenki.jp/world/6/40/,グアム・サイパン周辺
ミクロネシア連邦,https://tenki.jp/world/6/40/,グアム・サイパン周辺
北マリアナ諸島,https://tenki.jp/world/6/40/,グアム・サイパン周辺
フィジー,https://tenki.jp/world/6/41/,フィジー・ニューカレドニア周辺
ソロモン諸島,https://tenki.jp/world/6/41/,フィジー・ニューカレドニア周辺
ニューカレドニア,https://tenki.jp/world/6/41/,フィジー・ニューカレドニア周辺
バヌアツ,https://tenki.jp/world/6/41/,フィジー・ニューカレドニア周辺
ナウソリ,https://tenki.jp/world/6/41/,フィジー・ニューカレドニア周辺
ナンディー,https://tenki.jp/world/6/41/,フィジー・ニューカレドニア周辺
フトゥナ島,https://tenki.jp/world/6/41/,フィジー・ニューカレドニア周辺
ワリス諸島,https://tenki.jp/world/6/41/,フィジー・ニューカレドニア周辺
北アメリカ,https://tenki.jp/world/7/,北アメリカ
アメリカ,https://tenki.jp/world/7/92/,アメリカ合衆国
アトランタ,https://tenki.jp/world/7/92/,アメリカ合衆国
アトランティックシティ,https://tenki.jp/world/7/92/,アメリカ合衆国
アバディーン,https://tenki.jp/world/7/92/,アメリカ合衆国
アルバカーキ,https://tenki.jp/world/7/92/,アメリカ合衆国
アンカレジ,https://tenki.jp/world/7/92/70273/,アメリカ合衆国、アンカレジ
インディアナポリス,https://tenki.jp/world/7/92/,アメリカ合衆国
エリー,https://tenki.jp/world/7/92/,アメリカ合衆国
エルパソ,https://tenki.jp/world/7/92/,アメリカ合衆国
オクラホマシティ,https://tenki.jp/world/7/92/,アメリカ合衆国
オーガスタ,https://tenki.jp/world/7/92/,アメリカ合衆国
オーランド,https://tenki.jp/world/7/92/,アメリカ合衆国
カンザスシティ,https://tenki.jp/world/7/92/,アメリカ合衆国
キーウェスト,https://tenki.jp/world/7/92/,アメリカ合衆国
クリーヴランド,https://tenki.jp/world/7/92/,アメリカ合衆国
グランドジャンクション,https://tenki.jp/world/7/92/,アメリカ合衆国
グランドラピッズ,https://tenki.jp/world/7/92/,アメリカ合衆国
グリーンスバロ,https://tenki.jp/world/7/92/,アメリカ合衆国
サンアントニオ,https://tenki.jp/world/7/92/,アメリカ合衆国
サンタマリア,https://tenki.jp/world/7/92/,アメリカ合衆国
サンディエゴ,https://tenki.jp/world/7/92/,アメリカ合衆国
サンフランシスコ,https://tenki.jp/world/7/92/72494/,アメリカ合衆国、サンフランシスコ
シアトル,https://tenki.jp/world/7/92/,アメリカ合衆国
シェリダン,https://tenki.jp/world/7/92/,アメリカ合衆国
シカゴ,https://tenki.jp/world/7/92/,アメリカ合衆国
シャーロット,https://tenki.jp/world/7/92/,アメリカ合衆国
シンシナティ,https://tenki.jp/world/7/92/,アメリカ合衆国
ジャクソン,https://tenki.jp/world/7/92/,アメリカ合衆国
ジャクソンビル,https://tenki.jp/world/7/92/,アメリカ合衆国
スプリングフィールド,https://tenki.jp/world/7/92/,アメリカ合衆国
スーフォールズ,https://tenki.jp/world/7/92/,アメリカ合衆国
セントルイス,https://tenki.jp/world/7/92/,アメリカ合衆国
ソルトレイクシティー,https://tenki.jp/world/7/92/,アメリカ合衆国
タンパ,https://tenki.jp/world/7/92/,アメリカ合衆国
ダラス,https://tenki.jp/world/7/92/,アメリカ合衆国
チャールストン,https://tenki.jp/world/7/92/,アメリカ合衆国
デトロイト,https://tenki.jp/world/7/92/,アメリカ合衆国
デンバー,https://tenki.jp/world/7/92/72565/,アメリカ合衆国、デンバー
ニューオリンズ,https://tenki.jp/world/7/92/,アメリカ合衆国
ニューヨーク,https://tenki.jp/world/7/92/72503/,アメリカ合衆国、ニューヨーク
ノックスビル,https://tenki.jp/world/7/92/,アメリカ合衆国
ノーフォーク,https://tenki.jp/world/7/92/,アメリカ合衆国
ノーム,https://tenki.jp/world/7/92/,アメリカ合衆国
バッファロー,https://tenki.jp/world/7/92/,アメリカ合衆国
バロー,https://tenki.jp/world/7/92/,アメリカ合衆国
バーリントン,https://tenki.jp/world/7/92/,アメリカ合衆国
ヒューストン,https://tenki.jp/world/7/92/,アメリカ合衆国
ビリングス,https://tenki.jp/world/7/92/,アメリカ合衆国
ビンガムトン,https://tenki.jp/world/7/92/,アメリカ合衆国
ピッツバーグ,https://tenki.jp/world/7/92/,アメリカ合衆国
フィラデルフィア,https://tenki.jp/world/7/92/,アメリカ合衆国
フェアバンクス,https://tenki.jp/world/7/92/,アメリカ合衆国
フェニックス,https://tenki.jp/world/7/92/,アメリカ合衆国
フラッグスタッフ,https://tenki.jp/world/7/92/,アメリカ合衆国
フレスノ,https://tenki.jp/world/7/92/,アメリカ合衆国
ボストン,https://tenki.jp/world/7/92/,アメリカ合衆国
ポカテロ,https://tenki.jp/world/7/92/,アメリカ合衆国
ポートランド,https://tenki.jp/world/7/92/,アメリカ合衆国
マイアミ,https://tenki.jp/world/7/92/72202/,アメリカ合衆国、マイアミ
マディソン,https://tenki.jp/world/7/92/,アメリカ合衆国
ミネアポリス,https://tenki.jp/world/7/92/,アメリカ合衆国
ミルウォーキー,https://tenki.jp/world/7/92/,アメリカ合衆国
メンフィス,https://tenki.jp/world/7/92/,アメリカ合衆国
モンゴメリ,https://tenki.jp/world/7/92/,アメリカ合衆国
ラスベガス,https://tenki.jp/world/7/92/,アメリカ合衆国
ラピッドシティ,https://tenki.jp/world/7/92/,アメリカ合衆国
リッチモンド,https://tenki.jp/world/7/92/,アメリカ合衆国
レノ,https://tenki.jp/world/7/92/,アメリカ合衆国
ロサンゼルス,https://tenki.jp/world/7/92/72295/,アメリカ合衆国、ロサンゼルス
ロズウェル,https://tenki.jp/world/7/92/,アメリカ合衆国
ロチェスター,https://tenki.jp/world/7/92/,アメリカ合衆国
ワシントン,https://tenki.jp/world/7/92/72405/,アメリカ合衆国、ワシントン
カナダ,https://tenki.jp/world/7/93/,カナダ
イエローナイフ,https://tenki.jp/world/7/93/,カナダ
ウィリアムズレーク,https://tenki.jp/world/7/93/,カナダ
エドモントン,https://tenki.jp/world/7/93/,カナダ
オタワ,https://tenki.jp/world/7/93/71628/,カナダ、オタワ
カルガリー,https://tenki.jp/world/7/93/,カナダ
キャムループス,https://tenki.jp/world/7/93/,カナダ
クージュアク,https://tenki.jp/world/7/93/,カナダ
コーラルハーバー,https://tenki.jp/world/7/93/,カナダ
サドベリー,https://tenki.jp/world/7/93/,カナダ
シャーロットタウン,https://tenki.jp/world/7/93/,カナダ
セントジョン,https://tenki.jp/world/7/93/,カナダ
セントジョンズ,https://tenki.jp/world/7/93/,カナダ
トロント,https://tenki.jp/world/7/93/71624/,カナダ、トロント
ハリファックス,https://tenki.jp/world/7/93/,カナダ
バゴットビル,https://tenki.jp/world/7/93/,カナダ
バンクーバー,https://tenki.jp/world/7/93/71892/,カナダ、バンクーバー
プリンスジョージ,https://tenki.jp/world/7/93/,カナダ
ホワイトホース,https://tenki.jp/world/7/93/,カナダ
モンジョリ,https://tenki.jp/world/7/93/,カナダ
モントリオール,https://tenki.jp/world/7/93/,カナダ
ヴィクトリア,https://tenki.jp/world/7/93/,カナダ
バーミューダ諸島,https://tenki.jp/world/7/95/,バーミューダ諸島
バミューダ,https://tenki.jp/world/7/95/78016/,バーミューダ
中央アメリカ,https://tenki.jp/world/8/,中央・南アメリカ
南アメリカ,https://tenki.jp/world/8/,中央・南アメリカ
アルゼンチン,https://tenki.jp/world/8/55/,アルゼンチン
イグアス,https://tenki.jp/world/8/55/,アルゼンチン
コモドロリバダビア,https://tenki.jp/world/8/55/,アルゼンチン
コルドバ,https://tenki.jp/world/8/55/,アルゼンチン
サンティアゴ,https://tenki.jp/world/8/55/,アルゼンチン
バイアブランカ,https://tenki.jp/world/8/55/,アルゼンチン
バリロチェ,https://tenki.jp/world/8/55/,アルゼンチン
ブエノスアイレス,https://tenki.jp/world/8/55/87576/,アルゼンチン、ブエノスアイレス
メンドサ,https://tenki.jp/world/8/55/,アルゼンチン
リオカジェゴス,https://tenki.jp/world/8/55/,アルゼンチン
ウルグアイ,https://tenki.jp/world/8/56/,ウルグアイ
モンテビデオ,https://tenki.jp/world/8/56/,ウルグアイ
カリブ海,https://tenki.jp/world/8/59/,カリブ海周辺
アンティル,https://tenki.jp/world/8/59/,カリブ海周辺
サンクティスピリトゥス,https://tenki.jp/world/8/59/,カリブ海周辺
キューバ,https://tenki.jp/world/8/59/,カリブ海周辺
ハバナ,https://tenki.jp/world/8/59/,カリブ海周辺
マタンサス,https://tenki.jp/world/8/59/,カリブ海周辺
グアドループ,https://tenki.jp/world/8/59/,カリブ海周辺
ケイマン諸島,https://tenki.jp/world/8/59/,カリブ海周辺
ジャマイカ,https://tenki.jp/world/8/59/,カリブ海周辺
キングストン,https://tenki.jp/world/8/59/,カリブ海周辺
モンテゴベイ,https://tenki.jp/world/8/59/,カリブ海周辺
セントルシア,https://tenki.jp/world/8/59/,カリブ海周辺
トリニダード・トバゴ,https://tenki.jp/world/8/59/,カリブ海周辺
サンティアゴ,https://tenki.jp/world/8/59/,カリブ海周辺
サントドミンゴ,https://tenki.jp/world/8/59/,カリブ海周辺
バルバドス,https://tenki.jp/world/8/59/,カリブ海周辺
バージン諸島,https://tenki.jp/world/8/59/,カリブ海周辺
プエルトリコ,https://tenki.jp/world/8/59/,カリブ海周辺
マルティニーク島,https://tenki.jp/world/8/59/,カリブ海周辺
ガイアナ,https://tenki.jp/world/8/58/,ガイアナ
ジョージタウン,https://tenki.jp/world/8/58/,ガイアナ
ギアナ,https://tenki.jp/world/8/60/,ギアナ
カイエンヌ,https://tenki.jp/world/8/60/,ギアナ
グアテマラ,https://tenki.jp/world/8/61/,グアテマラ
フロレス,https://tenki.jp/world/8/61/,グアテマラ
コスタリカ,https://tenki.jp/world/8/62/,コスタリカ
サンホセ,https://tenki.jp/world/8/62/,コスタリカ
コロンビア,https://tenki.jp/world/8/63/,コロンビア
イピアレス,https://tenki.jp/world/8/63/,コロンビア
カルタヘナ,https://tenki.jp/world/8/63/,コロンビア
バランキジャ,https://tenki.jp/world/8/63/,コロンビア
ボゴタ,https://tenki.jp/world/8/63/,コロンビア
モンテリア,https://tenki.jp/world/8/63/,コロンビア
スリナム,https://tenki.jp/world/8/64/,スリナム
パラマリボ,https://tenki.jp/world/8/64/,スリナム
チリ,https://tenki.jp/world/8/65/,チリ
アリカ,https://tenki.jp/world/8/65/,チリ
アントファガスタ,https://tenki.jp/world/8/65/,チリ
サンティアゴ,https://tenki.jp/world/8/65/,チリ
ファンフェルナンデス,https://tenki.jp/world/8/65/,チリ
プンタアレナス,https://tenki.jp/world/8/65/,チリ
バハマ,https://tenki.jp/world/8/67/,バハマ
ナッソー,https://tenki.jp/world/8/67/,バハマ
パラグアイ,https://tenki.jp/world/8/68/,パラグアイ
アスンシオン,https://tenki.jp/world/8/68/,パラグアイ
コンセプシオン,https://tenki.jp/world/8/68/,パラグアイ
フォークランド,https://tenki.jp/world/8/69/,フォークランド
マウント・プレザント,https://tenki.jp/world/8/69/,フォークランド
ブラジル,https://tenki.jp/world/8/70/,ブラジル
アルタミラ,https://tenki.jp/world/8/70/,ブラジル
カンポグランデ,https://tenki.jp/world/8/70/,ブラジル
クリティーバ,https://tenki.jp/world/8/70/,ブラジル
サルバドル,https://tenki.jp/world/8/70/,ブラジル
サントス,https://tenki.jp/world/8/70/,ブラジル
サンパウロ,https://tenki.jp/world/8/70/,ブラジル
ジュイスデフォラ,https://tenki.jp/world/8/70/,ブラジル
フォルタレザ,https://tenki.jp/world/8/70/,ブラジル
ブラジリア,https://tenki.jp/world/8/70/83378/,ブラジル、ブラジリア
ベレン,https://tenki.jp/world/8/70/,ブラジル
ベロオリゾンテ,https://tenki.jp/world/8/70/,ブラジル
リオデジャネイロ,https://tenki.jp/world/8/70/,ブラジル
レシフェ,https://tenki.jp/world/8/70/,ブラジル
ベリーズ,https://tenki.jp/world/8/72/,ベリーズ
ベネズエラ,https://tenki.jp/world/8/71/,ベネズエラ
カラカス,https://tenki.jp/world/8/71/,ベネズエラ
ペルー,https://tenki.jp/world/8/73/,ペルー
アヤクチョ,https://tenki.jp/world/8/73/,ペルー
アレキパ,https://tenki.jp/world/8/73/,ペルー
クスコ,https://tenki.jp/world/8/73/,ペルー
トゥンベス,https://tenki.jp/world/8/73/,ペルー
トルヒーヨ,https://tenki.jp/world/8/73/,ペルー
フリアカ,https://tenki.jp/world/8/73/,ペルー
リマ,https://tenki.jp/world/8/73/84628/,ペルー、リマ
ホンジュラス,https://tenki.jp/world/8/75/,ホンジュラス
テグシガルパ,https://tenki.jp/world/8/75/,ホンジュラス
ボリビア,https://tenki.jp/world/8/74/,ボリビア
コチャバンバ,https://tenki.jp/world/8/74/,ボリビア
サンタクルス,https://tenki.jp/world/8/74/,ボリビア
スクレ,https://tenki.jp/world/8/74/,ボリビア
ラパス,https://tenki.jp/world/8/74/,ボリビア
メキシコ,https://tenki.jp/world/8/76/,メキシコ
アカプルコ,https://tenki.jp/world/8/76/,メキシコ
オアハカ,https://tenki.jp/world/8/76/,メキシコ
カンペーチェ,https://tenki.jp/world/8/76/,メキシコ
チワワ,https://tenki.jp/world/8/76/,メキシコ
トルカ,https://tenki.jp/world/8/76/,メキシコ
ビリャエルモサ,https://tenki.jp/world/8/76/,メキシコ
プログレソ,https://tenki.jp/world/8/76/,メキシコ
メキシコシティー,https://tenki.jp/world/8/76/76679/,メキシコ、メキシコシティー
モントレー,https://tenki.jp/world/8/76/,メキシコ
ラパス,https://tenki.jp/world/8/76/,メキシコ
オセアニア,https://tenki.jp/world/9/,オセアニア
オーストラリア,https://tenki.jp/world/9/35/,オーストラリア
アデレード,https://tenki.jp/world/9/35/,オーストラリア
イーストセール,https://tenki.jp/world/9/35/,オーストラリア
ウォガ,https://tenki.jp/world/9/35/,オーストラリア
オトウェー岬,https://tenki.jp/world/9/35/,オーストラリア
オールバニー,https://tenki.jp/world/9/35/,オーストラリア
カーナーヴォン,https://tenki.jp/world/9/35/,オーストラリア
キャンベラ,https://tenki.jp/world/9/35/94926/,オーストラリア、キャンベラ
ケアンズ,https://tenki.jp/world/9/35/,オーストラリア
シドニー,https://tenki.jp/world/9/35/94767/,オーストラリア、シドニー
ダーウィン,https://tenki.jp/world/9/35/,オーストラリア
ニューキャッスル,https://tenki.jp/world/9/35/,オーストラリア
ブリスベーン,https://tenki.jp/world/9/35/,オーストラリア
ブルーム,https://tenki.jp/world/9/35/,オーストラリア
ベルモント,https://tenki.jp/world/9/35/,オーストラリア
パース,https://tenki.jp/world/9/35/94610/,オーストラリア、パース
ボーエン,https://tenki.jp/world/9/35/,オーストラリア
マッカイ,https://tenki.jp/world/9/35/,オーストラリア
マーラ,https://tenki.jp/world/9/35/,オーストラリア
ミルデューラ,https://tenki.jp/world/9/35/,オーストラリア
メルボルン,https://tenki.jp/world/9/35/,オーストラリア
ニュージーランド,https://tenki.jp/world/9/36/,ニュージーランド
オークランド,https://tenki.jp/world/9/36/93119/,ニュージーランド、オークランド
クイーンズタウン,https://tenki.jp/world/9/36/,ニュージーランド
クライストチャーチ,https://tenki.jp/world/9/36/,ニュージーランド
タウポ,https://tenki.jp/world/9/36/,ニュージーランド
ダニーデン,https://tenki.jp/world/9/36/,ニュージーランド
トンガリロ,https://tenki.jp/world/9/36/,ニュージーランド
ネルソン,https://tenki.jp/world/9/36/,ニュージーランド
パーマストンノース,https://tenki.jp/world/9/36/,ニュージーランド
ロトルア,https://tenki.jp/world/9/36/,ニュージーランド
ワナカ,https://tenki.jp/world/9/36/,ニュージーランド
パプアニューギニア,https://tenki.jp/world/9/37/,パプアニューギニア
マダン,https://tenki.jp/world/9/37/,パプアニューギニア
